{
  "model_name": "lastone",
  "total_episodes": 300000,
  "total_evaluations": 60,
  "avg_reward": 1915.6528353333333,
  "max_reward": 5602.3,
  "min_reward": -351.2,
  "final_100_avg_reward": 3610.332000000001,
  "best_moving_avg_reward": 4061.976,
  "avg_iteration": 484.10624,
  "max_iteration": 1000.0,
  "final_100_avg_iteration": 766.46,
  "eval_avg_reward": 3527.7846449999993,
  "eval_max_reward": 4385.478399999996,
  "eval_final_reward": 4057.1389999999988,
  "best_eval_reward": 4385.478399999996,
  "best_eval_episode": 165000,
  "eval_avg_iteration": 759.0713166666667,
  "eval_final_iteration": 825.172,
  "total_games": 60000,
  "total_wins": 43733,
  "total_losses": 13553,
  "total_timeouts": 2714,
  "overall_win_rate": 72.88833333333334,
  "avg_win_rate": 72.88833333333332,
  "max_win_rate": 95.89999999999999,
  "final_win_rate": 86.9,
  "best_win_rate": 95.89999999999999,
  "best_win_rate_episode": 165000,
  "avg_loss": 143.21907666235765,
  "final_100_avg_loss": 206.03743545532225
}